"trt","days"
"N",35
"N",37
"N",49
"N",46
"N",63
"N",39
"N",46
"N",56
"N",63
"N",65
"N",56
"N",65
"N",70
"N",63
"N",65
"N",70
"N",77
"N",81
"N",86
"N",70
"N",70
"N",77
"N",77
"N",81
"N",77
"1p",40
"1p",37
"1p",44
"1p",47
"1p",47
"1p",47
"1p",68
"1p",47
"1p",54
"1p",61
"1p",71
"1p",75
"1p",89
"1p",58
"1p",59
"1p",62
"1p",79
"1p",96
"1p",58
"1p",62
"1p",70
"1p",72
"1p",75
"1p",96
"1p",75
"1v",46
"1v",42
"1v",65
"1v",46
"1v",58
"1v",42
"1v",48
"1v",58
"1v",50
"1v",80
"1v",63
"1v",65
"1v",70
"1v",70
"1v",72
"1v",97
"1v",46
"1v",56
"1v",70
"1v",70
"1v",72
"1v",76
"1v",90
"1v",76
"1v",92
"8p",21
"8p",40
"8p",44
"8p",54
"8p",36
"8p",40
"8p",56
"8p",60
"8p",48
"8p",53
"8p",60
"8p",60
"8p",65
"8p",68
"8p",60
"8p",81
"8p",81
"8p",48
"8p",48
"8p",56
"8p",68
"8p",75
"8p",81
"8p",48
"8p",68
"8v",16
"8v",19
"8v",19
"8v",32
"8v",33
"8v",33
"8v",30
"8v",42
"8v",42
"8v",33
"8v",26
"8v",30
"8v",40
"8v",54
"8v",34
"8v",34
"8v",47
"8v",47
"8v",42
"8v",47
"8v",54
"8v",54
"8v",56
"8v",60
"8v",44
